Subtask ID,Title,Parent task,Project,Repository,Labels,Milestone,Status,Start date,Target date,Estimate (days),Depends on,Definition of done
P01-01.1,Write the multi-stage Dockerfile with every tool version pinned,P01-01,P01 - AplyNeuroExpress,aplysia-neuroexpressome,"p01,subtask",P01 - AplyNeuroExpress (M1),Done,2026-10-01,2026-10-02,2,,artefact recorded under docs/ or results/ and committed
P01-01.2,Build the image and confirm it builds from a clean cache,P01-01,P01 - AplyNeuroExpress,aplysia-neuroexpressome,"p01,subtask",P01 - AplyNeuroExpress (M1),Blocked,2026-10-03,2026-10-03,1,P01-01.1,artefact recorded under docs/ or results/ and committed
P01-01.3,Build the image a second time and diff the tool versions,P01-01,P01 - AplyNeuroExpress,aplysia-neuroexpressome,"p01,subtask",P01 - AplyNeuroExpress (M1),Blocked,2026-10-04,2026-10-04,1,P01-01.1,artefact recorded under docs/ or results/ and committed
P01-01.4,Push the image and record the digest in the repository README,P01-01,P01 - AplyNeuroExpress,aplysia-neuroexpressome,"p01,subtask",P01 - AplyNeuroExpress (M1),Blocked,2026-10-05,2026-10-05,1,P01-01.2,artefact recorded under docs/ or results/ and committed
P01-02.1,Create data/ and data/raw/ and confirm raw/ is gitignored,P01-02,P01 - AplyNeuroExpress,aplysia-neuroexpressome,"p01,subtask",P01 - AplyNeuroExpress (M1),Todo,2026-10-06,2026-10-06,1,,artefact recorded under docs/ or results/ and committed
P01-02.2,Download the AplCal3.0 assembly FASTA,P01-02,P01 - AplyNeuroExpress,aplysia-neuroexpressome,"p01,subtask",P01 - AplyNeuroExpress (M1),Todo,2026-10-07,2026-10-07,1,P01-02.1,artefact recorded under docs/ or results/ and committed
P01-02.3,Download the RefSeq Release 102 annotation and supporting files,P01-02,P01 - AplyNeuroExpress,aplysia-neuroexpressome,"p01,subtask",P01 - AplyNeuroExpress (M1),Todo,2026-10-08,2026-10-08,1,P01-02.1,artefact recorded under docs/ or results/ and committed
P01-02.4,Record SHA-256 for each file in data/manifest.tsv,P01-02,P01 - AplyNeuroExpress,aplysia-neuroexpressome,"p01,subtask",P01 - AplyNeuroExpress (M1),Todo,2026-10-09,2026-10-09,1,P01-02.2,artefact recorded under docs/ or results/ and committed
P01-02.5,Capture the assembly and annotation release strings verbatim,P01-02,P01 - AplyNeuroExpress,aplysia-neuroexpressome,"p01,subtask",P01 - AplyNeuroExpress (M1),Todo,2026-10-10,2026-10-10,1,P01-02.3,artefact recorded under docs/ or results/ and committed
P01-03.1,Download the AplysiaTools merged-unigene FASTA,P01-03,P01 - AplyNeuroExpress,aplysia-neuroexpressome,"p01,subtask",P01 - AplyNeuroExpress (M1),Todo,2026-10-11,2026-10-11,1,,artefact recorded under docs/ or results/ and committed
P01-03.2,Download the Orvis 2022 assembly from GenBank TSA GJYY00000000,P01-03,P01 - AplyNeuroExpress,aplysia-neuroexpressome,"p01,subtask",P01 - AplyNeuroExpress (M1),Todo,2026-10-12,2026-10-12,1,P01-03.1,artefact recorded under docs/ or results/ and committed
P01-03.3,Compare record counts between the two transcriptome sources,P01-03,P01 - AplyNeuroExpress,aplysia-neuroexpressome,"p01,subtask",P01 - AplyNeuroExpress (M1),Todo,2026-10-13,2026-10-13,1,P01-03.1,artefact recorded under docs/ or results/ and committed
P01-03.4,Extract 50 random sequences and confirm they are identical,P01-03,P01 - AplyNeuroExpress,aplysia-neuroexpressome,"p01,subtask",P01 - AplyNeuroExpress (M1),Todo,2026-10-14,2026-10-14,1,P01-03.3,artefact recorded under docs/ or results/ and committed
P01-03.5,"Record which build is authoritative, and checksum both",P01-03,P01 - AplyNeuroExpress,aplysia-neuroexpressome,"p01,subtask",P01 - AplyNeuroExpress (M1),Todo,2026-10-15,2026-10-15,1,P01-03.4,artefact recorded under docs/ or results/ and committed
P01-04.1,Run BUSCO against Release 102 proteins (metazoa_odb10),P01-04,P01 - AplyNeuroExpress,aplysia-neuroexpressome,"p01,subtask",P01 - AplyNeuroExpress (M1),Todo,2026-10-16,2026-10-16,1,P01-02.1,artefact recorded under docs/ or results/ and committed
P01-04.2,"Extract the single-copy, duplicated and fragmented percentages",P01-04,P01 - AplyNeuroExpress,aplysia-neuroexpressome,"p01,subtask",P01 - AplyNeuroExpress (M1),Todo,2026-10-17,2026-10-17,1,P01-04.1,artefact recorded under docs/ or results/ and committed
P01-04.3,Write results/completeness_before.json,P01-04,P01 - AplyNeuroExpress,aplysia-neuroexpressome,"p01,subtask",P01 - AplyNeuroExpress (M1),Todo,2026-10-18,2026-10-18,1,P01-04.2,artefact recorded under docs/ or results/ and committed
P01-05.1,Parse the GFF and compute per-locus exon count,P01-05,P01 - AplyNeuroExpress,aplysia-neuroexpressome,"p01,subtask",P01 - AplyNeuroExpress (M1),Todo,2026-10-19,2026-10-20,2,P01-02.1,artefact recorded under docs/ or results/ and committed
P01-05.2,Compute per-locus CDS length and start/stop presence,P01-05,P01 - AplyNeuroExpress,aplysia-neuroexpressome,"p01,subtask",P01 - AplyNeuroExpress (M1),Todo,2026-10-21,2026-10-21,1,P01-05.1,artefact recorded under docs/ or results/ and committed
P01-05.3,Flag models shorter than 300 nt or containing internal stops,P01-05,P01 - AplyNeuroExpress,aplysia-neuroexpressome,"p01,subtask",P01 - AplyNeuroExpress (M1),Todo,2026-10-22,2026-10-22,1,P01-05.1,artefact recorded under docs/ or results/ and committed
P01-05.4,Flag models overlapping an assembly gap,P01-05,P01 - AplyNeuroExpress,aplysia-neuroexpressome,"p01,subtask",P01 - AplyNeuroExpress (M1),Todo,2026-10-23,2026-10-23,1,P01-05.1,artefact recorded under docs/ or results/ and committed
P01-05.5,Hand-verify ten loci against the browser,P01-05,P01 - AplyNeuroExpress,aplysia-neuroexpressome,"p01,subtask",P01 - AplyNeuroExpress (M1),Todo,2026-10-24,2026-10-24,1,P01-05.4,artefact recorded under docs/ or results/ and committed
P01-06.1,Obtain the Elysia timida BRAKER3 annotation protein set,P01-06,P01 - AplyNeuroExpress,aplysia-neuroexpressome,"p01,subtask",P01 - AplyNeuroExpress (M1),Todo,2026-10-25,2026-10-25,1,,artefact recorded under docs/ or results/ and committed
P01-06.2,Obtain the Euprymna scolopes BRAKER2 annotation protein set,P01-06,P01 - AplyNeuroExpress,aplysia-neuroexpressome,"p01,subtask",P01 - AplyNeuroExpress (M1),Todo,2026-10-26,2026-10-26,1,,artefact recorded under docs/ or results/ and committed
P01-06.3,Run BUSCO on both under the identical lineage,P01-06,P01 - AplyNeuroExpress,aplysia-neuroexpressome,"p01,subtask",P01 - AplyNeuroExpress (M1),Todo,2026-10-27,2026-10-27,1,P01-06.2,artefact recorded under docs/ or results/ and committed
P01-06.4,Write results/cross_species.json,P01-06,P01 - AplyNeuroExpress,aplysia-neuroexpressome,"p01,subtask",P01 - AplyNeuroExpress (M1),Todo,2026-10-28,2026-10-28,1,P01-06.3,artefact recorded under docs/ or results/ and committed
P01-07.1,Open the gate-decision issue for G1,P01-07,P01 - AplyNeuroExpress,aplysia-neuroexpressome,"p01,subtask",P01 - AplyNeuroExpress (M1),Todo,2026-10-29,2026-10-29,1,P01-04.1,artefact recorded under docs/ or results/ and committed
P01-07.2,Record the measured baseline value,P01-07,P01 - AplyNeuroExpress,aplysia-neuroexpressome,"p01,subtask",P01 - AplyNeuroExpress (M1),Todo,2026-10-30,2026-10-30,1,P01-07.1,artefact recorded under docs/ or results/ and committed
P01-07.3,"Record the decision: met, or re-scope to the channel subset",P01-07,P01 - AplyNeuroExpress,aplysia-neuroexpressome,"p01,subtask",P01 - AplyNeuroExpress (M1),Todo,2026-10-31,2026-10-31,1,P01-07.2,artefact recorded under docs/ or results/ and committed
P01-07.4,"If re-scoped, update the contract and log the decision",P01-07,P01 - AplyNeuroExpress,aplysia-neuroexpressome,"p01,subtask",P01 - AplyNeuroExpress (M1),Todo,2026-11-01,2026-11-01,1,P01-07.3,artefact recorded under docs/ or results/ and committed
P01-08.1,Align transcriptome proteins to the assembly with DIAMOND,P01-08,P01 - AplyNeuroExpress,aplysia-neuroexpressome,"p01,subtask",P01 - AplyNeuroExpress (M1),Todo,2026-11-02,2026-11-02,1,P01-03.1,artefact recorded under docs/ or results/ and committed
P01-08.2,Run Liftoff with --flanks 10 and Release 102 as guide,P01-08,P01 - AplyNeuroExpress,aplysia-neuroexpressome,"p01,subtask",P01 - AplyNeuroExpress (M1),Todo,2026-11-03,2026-11-03,1,P01-08.1,artefact recorded under docs/ or results/ and committed
P01-08.3,Extract per-transcript lift status and percent aligned,P01-08,P01 - AplyNeuroExpress,aplysia-neuroexpressome,"p01,subtask",P01 - AplyNeuroExpress (M1),Todo,2026-11-04,2026-11-04,1,P01-08.2,artefact recorded under docs/ or results/ and committed
P01-08.4,Inspect and explain any whole gene family that fails to lift,P01-08,P01 - AplyNeuroExpress,aplysia-neuroexpressome,"p01,subtask",P01 - AplyNeuroExpress (M1),Todo,2026-11-05,2026-11-06,2,P01-08.3,artefact recorded under docs/ or results/ and committed
P01-09.1,Open the gate-decision issue for G2,P01-09,P01 - AplyNeuroExpress,aplysia-neuroexpressome,"p01,subtask",P01 - AplyNeuroExpress (M1),Todo,2026-11-07,2026-11-07,1,P01-08.1,artefact recorded under docs/ or results/ and committed
P01-09.2,Hand-verify the lifted fraction against 20 random transcripts,P01-09,P01 - AplyNeuroExpress,aplysia-neuroexpressome,"p01,subtask",P01 - AplyNeuroExpress (M1),Todo,2026-11-08,2026-11-08,1,,artefact recorded under docs/ or results/ and committed
P01-09.3,"Record the decision: proceed, or switch to the SRA+BRAKER3 fallback",P01-09,P01 - AplyNeuroExpress,aplysia-neuroexpressome,"p01,subtask",P01 - AplyNeuroExpress (M1),Todo,2026-11-09,2026-11-09,1,,artefact recorded under docs/ or results/ and committed
P01-10.1,Run aplotransDecoder on the transcriptome,P01-10,P01 - AplyNeuroExpress,aplysia-neuroexpressome,"p01,subtask",P01 - AplyNeuroExpress (M1),Todo,2026-11-10,2026-11-10,1,P01-03.1,artefact recorded under docs/ or results/ and committed
P01-10.2,Retain candidate coding models absent from the genome annotation,P01-10,P01 - AplyNeuroExpress,aplysia-neuroexpressome,"p01,subtask",P01 - AplyNeuroExpress (M1),Todo,2026-11-11,2026-11-11,1,P01-10.1,artefact recorded under docs/ or results/ and committed
P01-10.3,Quantify how many are new versus overlapping,P01-10,P01 - AplyNeuroExpress,aplysia-neuroexpressome,"p01,subtask",P01 - AplyNeuroExpress (M1),Todo,2026-11-12,2026-11-12,1,P01-10.2,artefact recorded under docs/ or results/ and committed
P01-11.1,"Assemble the candidate family sequence set, genome plus transcriptome",P01-11,P01 - AplyNeuroExpress,aplysia-neuroexpressome,"p01,subtask",P01 - AplyNeuroExpress (M1),Todo,2026-11-13,2026-11-14,2,P01-10.1,artefact recorded under docs/ or results/ and committed
P01-11.2,Align with MAFFT L-INS-i and trim with trimAl,P01-11,P01 - AplyNeuroExpress,aplysia-neuroexpressome,"p01,subtask",P01 - AplyNeuroExpress (M1),Todo,2026-11-15,2026-11-15,1,P01-11.1,artefact recorded under docs/ or results/ and committed
P01-11.3,Infer the family tree with IQ-TREE 2 under ModelFinder selection,P01-11,P01 - AplyNeuroExpress,aplysia-neuroexpressome,"p01,subtask",P01 - AplyNeuroExpress (M1),Todo,2026-11-16,2026-11-16,1,P01-11.2,artefact recorded under docs/ or results/ and committed
P01-11.4,Inspect multi-homolog branches and record the call for each,P01-11,P01 - AplyNeuroExpress,aplysia-neuroexpressome,"p01,subtask,critical-path",P01 - AplyNeuroExpress (M1),Todo,2026-11-17,2026-11-19,3,P01-11.3,artefact recorded under docs/ or results/ and committed
P01-11.5,Write the reconciled model set and the superseded track,P01-11,P01 - AplyNeuroExpress,aplysia-neuroexpressome,"p01,subtask",P01 - AplyNeuroExpress (M1),Todo,2026-11-20,2026-11-21,2,P01-11.4,artefact recorded under docs/ or results/ and committed
P01-11.6,Re-run BUSCO on the reconciled set,P01-11,P01 - AplyNeuroExpress,aplysia-neuroexpressome,"p01,subtask",P01 - AplyNeuroExpress (M1),Todo,2026-11-22,2026-11-22,1,P01-11.5,artefact recorded under docs/ or results/ and committed
P01-12.1,Prepare the protein sets for OrthoFinder,P01-12,P01 - AplyNeuroExpress,aplysia-neuroexpressome,"p01,subtask",P01 - AplyNeuroExpress (M1),Todo,2026-11-23,2026-11-23,1,P01-11.1,artefact recorded under docs/ or results/ and committed
P01-12.2,Run OrthoFinder,P01-12,P01 - AplyNeuroExpress,aplysia-neuroexpressome,"p01,subtask",P01 - AplyNeuroExpress (M1),Todo,2026-11-24,2026-11-24,1,P01-12.1,artefact recorded under docs/ or results/ and committed
P01-12.3,Run eggNOG-mapper for functional annotation,P01-12,P01 - AplyNeuroExpress,aplysia-neuroexpressome,"p01,subtask",P01 - AplyNeuroExpress (M1),Todo,2026-11-25,2026-11-25,1,P01-12.2,artefact recorded under docs/ or results/ and committed
P01-12.4,Join both onto the reconciled models and spot-check 20 genes,P01-12,P01 - AplyNeuroExpress,aplysia-neuroexpressome,"p01,subtask",P01 - AplyNeuroExpress (M1),Todo,2026-11-26,2026-11-26,1,P01-12.3,artefact recorded under docs/ or results/ and committed
P01-13.1,Sweep the recovered proteins against Pfam-A with HMMER,P01-13,P01 - AplyNeuroExpress,aplysia-neuroexpressome,"p01,subtask",P01 - AplyNeuroExpress (M1),Todo,2026-11-27,2026-11-27,1,P01-11.1,artefact recorded under docs/ or results/ and committed
P01-13.2,Sweep against InterProScan for entry signatures,P01-13,P01 - AplyNeuroExpress,aplysia-neuroexpressome,"p01,subtask",P01 - AplyNeuroExpress (M1),Todo,2026-11-28,2026-11-28,1,P01-13.1,artefact recorded under docs/ or results/ and committed
P01-13.3,Assemble the candidate channel list across all families,P01-13,P01 - AplyNeuroExpress,aplysia-neuroexpressome,"p01,subtask",P01 - AplyNeuroExpress (M1),Todo,2026-11-29,2026-11-29,1,P01-13.2,artefact recorded under docs/ or results/ and committed
P01-13.4,Add Release 102 keyword matches that have no domain evidence,P01-13,P01 - AplyNeuroExpress,aplysia-neuroexpressome,"p01,subtask",P01 - AplyNeuroExpress (M1),Todo,2026-11-30,2026-11-30,1,P01-13.3,artefact recorded under docs/ or results/ and committed
P01-14.1,Run DeepTMHMM over every catalogue entry,P01-14,P01 - AplyNeuroExpress,aplysia-neuroexpressome,"p01,subtask",P01 - AplyNeuroExpress (M1),Todo,2026-12-01,2026-12-01,1,P01-13.1,artefact recorded under docs/ or results/ and committed
P01-14.2,Flag entries whose topology is inconsistent with the family,P01-14,P01 - AplyNeuroExpress,aplysia-neuroexpressome,"p01,subtask",P01 - AplyNeuroExpress (M1),Todo,2026-12-02,2026-12-02,1,P01-14.1,artefact recorded under docs/ or results/ and committed
P01-15.1,Build the review queue from the candidate list and the keyword matches,P01-15,P01 - AplyNeuroExpress,aplysia-neuroexpressome,"p01,subtask",P01 - AplyNeuroExpress (M1),Todo,2026-12-03,2026-12-03,1,P01-13.1,artefact recorded under docs/ or results/ and committed
P01-15.2,"Annotator A classifies the full queue, blind",P01-15,P01 - AplyNeuroExpress,aplysia-neuroexpressome,"p01,subtask,critical-path",P01 - AplyNeuroExpress (M1),Todo,2026-12-04,2026-12-06,3,P01-15.1,artefact recorded under docs/ or results/ and committed
P01-15.3,"Annotator B classifies the full queue, blind",P01-15,P01 - AplyNeuroExpress,aplysia-neuroexpressome,"p01,subtask,critical-path",P01 - AplyNeuroExpress (M1),Todo,2026-12-07,2026-12-09,3,P01-15.1,artefact recorded under docs/ or results/ and committed
P01-15.4,Adjudicate every disagreement with annotator C,P01-15,P01 - AplyNeuroExpress,aplysia-neuroexpressome,"p01,subtask",P01 - AplyNeuroExpress (M1),Todo,2026-12-10,2026-12-11,2,P01-15.3,artefact recorded under docs/ or results/ and committed
P01-16.1,Compute Cohen's kappa with a 1000-iteration bootstrap CI,P01-16,P01 - AplyNeuroExpress,aplysia-neuroexpressome,"p01,subtask",P01 - AplyNeuroExpress (M1),Todo,2026-12-12,2026-12-12,1,P01-15.1,artefact recorded under docs/ or results/ and committed
P01-16.2,Write the raw confusion matrix,P01-16,P01 - AplyNeuroExpress,aplysia-neuroexpressome,"p01,subtask",P01 - AplyNeuroExpress (M1),Todo,2026-12-13,2026-12-13,1,P01-16.1,artefact recorded under docs/ or results/ and committed
P01-16.3,Break kappa down per family and flag any weak family,P01-16,P01 - AplyNeuroExpress,aplysia-neuroexpressome,"p01,subtask",P01 - AplyNeuroExpress (M1),Todo,2026-12-14,2026-12-14,1,P01-16.2,artefact recorded under docs/ or results/ and committed
P01-16.4,Write results/curation_agreement.json,P01-16,P01 - AplyNeuroExpress,aplysia-neuroexpressome,"p01,subtask",P01 - AplyNeuroExpress (M1),Todo,2026-12-15,2026-12-15,1,P01-16.3,artefact recorded under docs/ or results/ and committed
P01-17.1,Choose the channel loci for isoform analysis from the catalogue,P01-17,P01 - AplyNeuroExpress,aplysia-neuroexpressome,"p01,subtask",P01 - AplyNeuroExpress (M1),Todo,2026-12-16,2026-12-16,1,P01-16.1,artefact recorded under docs/ or results/ and committed
P01-17.2,Enumerate exon and UTR structure for each,P01-17,P01 - AplyNeuroExpress,aplysia-neuroexpressome,"p01,subtask",P01 - AplyNeuroExpress (M1),Todo,2026-12-17,2026-12-18,2,P01-17.1,artefact recorded under docs/ or results/ and committed
P01-17.3,Record detection method and locus count in the results table,P01-17,P01 - AplyNeuroExpress,aplysia-neuroexpressome,"p01,subtask",P01 - AplyNeuroExpress (M1),Todo,2026-12-19,2026-12-19,1,P01-17.2,artefact recorded under docs/ or results/ and committed
P01-18.1,Run the family-count Poisson GLM across taxa (test T5),P01-18,P01 - AplyNeuroExpress,aplysia-neuroexpressome,"p01,subtask",P01 - AplyNeuroExpress (M1),Todo,2026-12-20,2026-12-20,1,P01-06.1,artefact recorded under docs/ or results/ and committed
P01-18.2,Run GO and KEGP enrichment with the tested universe as background (T6),P01-18,P01 - AplyNeuroExpress,aplysia-neuroexpressome,"p01,subtask",P01 - AplyNeuroExpress (M1),Todo,2026-12-21,2026-12-21,1,P01-12.1,artefact recorded under docs/ or results/ and committed
P01-18.3,Run Fisher's exact on ortholog retention (T7),P01-18,P01 - AplyNeuroExpress,aplysia-neuroexpressome,"p01,subtask",P01 - AplyNeuroExpress (M1),Todo,2026-12-22,2026-12-22,1,P01-18.1,artefact recorded under docs/ or results/ and committed
P01-18.4,Write results/cross_species.json,P01-18,P01 - AplyNeuroExpress,aplysia-neuroexpressome,"p01,subtask",P01 - AplyNeuroExpress (M1),Todo,2026-12-23,2026-12-23,1,P01-18.3,artefact recorded under docs/ or results/ and committed
P01-19.1,Run McNemar's exact on BUSCO before versus after (T1),P01-19,P01 - AplyNeuroExpress,aplysia-neuroexpressome,"p01,subtask",P01 - AplyNeuroExpress (M1),Todo,2026-12-24,2026-12-24,1,P01-11.1,artefact recorded under docs/ or results/ and committed
P01-19.2,"Run Wilcoxon signed-rank on paired CDS length and exon count (T2, T3)",P01-19,P01 - AplyNeuroExpress,aplysia-neuroexpressome,"p01,subtask",P01 - AplyNeuroExpress (M1),Todo,2026-12-25,2026-12-25,1,P01-19.1,artefact recorded under docs/ or results/ and committed
P01-19.3,Run chi-square or Fisher on the cross-annotation comparison (T4),P01-19,P01 - AplyNeuroExpress,aplysia-neuroexpressome,"p01,subtask",P01 - AplyNeuroExpress (M1),Todo,2026-12-26,2026-12-26,1,P01-06.1,artefact recorded under docs/ or results/ and committed
P01-19.4,Run Welch's t-test on sequence identity (T10),P01-19,P01 - AplyNeuroExpress,aplysia-neuroexpressome,"p01,subtask",P01 - AplyNeuroExpress (M1),Todo,2026-12-27,2026-12-27,1,P01-19.3,artefact recorded under docs/ or results/ and committed
P01-19.5,Compute the minimum detectable effect for every reported test,P01-19,P01 - AplyNeuroExpress,aplysia-neuroexpressome,"p01,subtask",P01 - AplyNeuroExpress (M1),Todo,2026-12-28,2026-12-28,1,P01-19.4,artefact recorded under docs/ or results/ and committed
P01-19.6,Write the full test table including null results,P01-19,P01 - AplyNeuroExpress,aplysia-neuroexpressome,"p01,subtask",P01 - AplyNeuroExpress (M1),Todo,2026-12-29,2026-12-29,1,P01-19.5,artefact recorded under docs/ or results/ and committed
P01-20.1,Write the script for each planned figure,P01-20,P01 - AplyNeuroExpress,aplysia-neuroexpressome,"p01,subtask,critical-path",P01 - AplyNeuroExpress (M1),Todo,2026-12-30,2027-01-01,3,P01-19.1,artefact recorded under docs/ or results/ and committed
P01-20.2,Generate every figure from those scripts only,P01-20,P01 - AplyNeuroExpress,aplysia-neuroexpressome,"p01,subtask",P01 - AplyNeuroExpress (M1),Todo,2027-01-02,2027-01-02,1,P01-20.1,artefact recorded under docs/ or results/ and committed
P01-20.3,Regenerate all figures from a clean clone to prove reproducibility,P01-20,P01 - AplyNeuroExpress,aplysia-neuroexpressome,"p01,subtask",P01 - AplyNeuroExpress (M1),Todo,2027-01-03,2027-01-03,1,P01-20.2,artefact recorded under docs/ or results/ and committed
P01-21.1,Draft the methods section from the pre-registration,P01-21,P01 - AplyNeuroExpress,aplysia-neuroexpressome,"p01,subtask,critical-path",P01 - AplyNeuroExpress (M1),Todo,2027-01-04,2027-01-06,3,P01-20.1,artefact recorded under docs/ or results/ and committed
P01-21.2,Draft the results section from the test table,P01-21,P01 - AplyNeuroExpress,aplysia-neuroexpressome,"p01,subtask,critical-path",P01 - AplyNeuroExpress (M1),Todo,2027-01-07,2027-01-09,3,P01-21.1,artefact recorded under docs/ or results/ and committed
P01-21.3,Draft the introduction and discussion,P01-21,P01 - AplyNeuroExpress,aplysia-neuroexpressome,"p01,subtask,critical-path",P01 - AplyNeuroExpress (M1),Todo,2027-01-10,2027-01-12,3,P01-21.1,artefact recorded under docs/ or results/ and committed
P01-21.4,Check every claim against the recorded statistic,P01-21,P01 - AplyNeuroExpress,aplysia-neuroexpressome,"p01,subtask",P01 - AplyNeuroExpress (M1),Todo,2027-01-13,2027-01-14,2,P01-21.3,artefact recorded under docs/ or results/ and committed
P01-21.5,"Target a venue, or report the failure result as specified",P01-21,P01 - AplyNeuroExpress,aplysia-neuroexpressome,"p01,subtask",P01 - AplyNeuroExpress (M1),Todo,2027-01-15,2027-01-15,1,P01-21.4,artefact recorded under docs/ or results/ and committed
P01-22.1,Tag the release and archive main,P01-22,P01 - AplyNeuroExpress,aplysia-neuroexpressome,"p01,subtask",P01 - AplyNeuroExpress (M1),Todo,2027-01-16,2027-01-16,1,P01-21.1,artefact recorded under docs/ or results/ and committed
P01-22.2,"Deposit the models, catalogue and manifest on Zenodo",P01-22,P01 - AplyNeuroExpress,aplysia-neuroexpressome,"p01,subtask",P01 - AplyNeuroExpress (M1),Todo,2027-01-17,2027-01-17,1,P01-22.1,artefact recorded under docs/ or results/ and committed
P01-22.3,Record the Zenodo DOI in the README and in STATUS.md,P01-22,P01 - AplyNeuroExpress,aplysia-neuroexpressome,"p01,subtask",P01 - AplyNeuroExpress (M1),Todo,2027-01-18,2027-01-18,1,P01-22.2,artefact recorded under docs/ or results/ and committed
P01-22.4,Confirm reproduce.sh regenerates every figure on a clean machine,P01-22,P01 - AplyNeuroExpress,aplysia-neuroexpressome,"p01,subtask",P01 - AplyNeuroExpress (M1),Todo,2027-01-19,2027-01-19,1,P01-22.3,artefact recorded under docs/ or results/ and committed
