Title,Assignee,Labels,Milestone,Status,Start date,Target date,Repository,Depends on,Notes
"P01-01 · Pin container environment and toolchain",,"p01,infra,critical-path","P01 · AplyNeuroExpress (M1)",Todo,2026-10-05,2026-10-09,aplysia-neuroexpressome,,"Image digest recorded in README. No step runs outside the container."
"P01-02 · Acquire AplCal3.0 and RefSeq Release 102",,"p01,data","P01 · AplyNeuroExpress (M1)",Todo,2026-10-05,2026-10-07,aplysia-neuroexpressome,,"Record SHA-256 for all inputs in data/manifest.tsv. Capture assembly and annotation release strings verbatim."
"P01-03 · Acquire AplysiaTools and Orvis 2022 transcriptome",,"p01,data","P01 · AplyNeuroExpress (M1)",Todo,2026-10-05,2026-10-08,aplysia-neuroexpressome,,"Confirm the AplysiaTools build and the GenBank TSA GJYY00000000 build are the same by sample comparison."
"P01-04 · BUSCO baseline on Release 102",,"p01,metric,critical-path","P01 · AplyNeuroExpress (M1)",Todo,2026-10-12,2026-10-14,aplysia-neuroexpressome,P01-02,"metazoa_odb10. This is the 'before' arm of primary hypothesis H1."
"P01-05 · Per-locus fragmentation diagnostics",,"p01,metric","P01 · AplyNeuroExpress (M1)",Todo,2026-10-12,2026-10-16,aplysia-neuroexpressome,P01-02,"Exon count, CDS length, start/stop presence, gap overlap, internal-stop flag. Produces the paired locus table for T2 and T3."
"P01-06 · Cross-annotation BUSCO for Elysia and Euprymna",,"p01,metric","P01 · AplyNeuroExpress (M1)",Todo,2026-10-19,2026-10-21,aplysia-neuroexpressome,P01-02,"Contemporary peer baseline for test T4."
"P01-07 · GATE G1 — baseline adequacy review",,"p01,gate,critical-path","P01 · AplyNeuroExpress (M1)",Todo,2026-10-21,2026-10-22,aplysia-neuroexpressome,P01-04,"If baseline metazoan BUSCO < 90% the paired comparison is void and scope drops to the channel subset only. Record and report."
"P01-08 · Liftoff lift-off of transcriptome onto AplCal3.0",,"p01,pipeline,critical-path","P01 · AplyNeuroExpress (M1)",Todo,2026-10-19,2026-10-23,aplysia-neuroexpressome,"P01-02,P01-03","DIAMOND + Liftoff, --flanks 10, Release 102 as --gff guide."
"P01-09 · GATE G2 — lift coverage review",,"p01,gate,critical-path","P01 · AplyNeuroExpress (M1)",Todo,2026-10-26,2026-10-27,aplysia-neuroexpressome,P01-08,"If lifted fraction < 60% abandon the lift route and fall back to SRA remap + BRAKER3. This changes the compute budget and must not be a mid-project surprise."
"P01-10 · Transcriptome ORF prediction",,"p01,pipeline","P01 · AplyNeuroExpress (M1)",Todo,2026-10-26,2026-10-30,aplysia-neuroexpressome,P01-03,"aplotransDecoder. Generates candidate coding models absent from the genome annotation."
"P01-11 · Gene-model repair and reconciliation",,"p01,pipeline,critical-path","P01 · AplyNeuroExpress (M1)",Todo,2026-11-02,2026-11-13,aplysia-neuroexpressome,"P01-05,P01-09,P01-10","Follow the Hsiao 2024 repair logic: MAFFT L-INS-i, trimAl, IQ-TREE 2, inspect multi-homolog branches, replace broken models. Never delete a Release 102 model — retire to a superseded track with reason."
"P01-12 · OrthoFinder and eggNOG-mapper",,"p01,pipeline","P01 · AplyNeuroExpress (M1)",Todo,2026-11-09,2026-11-20,aplysia-neuroexpressome,P01-11,"Orthology and functional annotation for the recovered models."
"P01-13 · Pfam and InterProScan channel-family sweep",,"p01,curation,critical-path","P01 · AplyNeuroExpress (M1)",Todo,2026-11-16,2026-11-20,aplysia-neuroexpressome,P01-11,"Kv, K2P, KCNQ, Slo/BK, SK, HCN, CaV, Nav, ENaC, Na/K-ATPase, ligand-gated, IP3R, SERCA, Slack, TREK."
"P01-14 · Membrane topology prediction",,"p01,curation","P01 · AplyNeuroExpress (M1)",Todo,2026-11-23,2026-11-25,aplysia-neuroexpressome,P01-13,"DeepTMHMM for every catalogue entry."
"P01-15 · Dual-annotator manual curation queue",,"p01,curation,critical-path","P01 · AplyNeuroExpress (M1)",Todo,2026-11-23,2026-12-04,aplysia-neuroexpressome,P01-13,"Two annotators classify the full review queue blind. Inter-rater agreement is test T9; target Cohen's kappa >= 0.80."
"P01-16 · Kappa analysis and third-annotator adjudication",,"p01,curation,stats","P01 · AplyNeuroExpress (M1)",Todo,2026-12-07,2026-12-09,aplysia-neuroexpressome,P01-15,"Report kappa with bootstrap CI, raw confusion matrix, and per-family breakdown. A single global kappa can hide that one family is where all difficulty sits."
"P01-17 · Isoform analysis for key channel loci",,"p01,analysis","P01 · AplyNeuroExpress (M1)",Todo,2026-12-01,2026-12-04,aplysia-neuroexpressome,P01-13,"Descriptive only, no test (T8). n is far too small for inference at this locus count."
"P01-18 · Enrichment and cross-species statistics",,"p01,stats","P01 · AplyNeuroExpress (M1)",Todo,2026-12-07,2026-12-10,aplysia-neuroexpressome,"P01-12,P01-16","Tests T5 Poisson GLM on family counts, T6 hypergeometric enrichment with tested universe as background, T7 Fisher on ortholog retention."
"P01-19 · Statistical tests T1-T4 and T10",,"p01,stats,critical-path","P01 · AplyNeuroExpress (M1)",Todo,2026-12-07,2026-12-10,aplysia-neuroexpressome,"P01-05,P01-06,P01-11","McNemar exact (BUSCO), Wilcoxon signed-rank exact (CDS length, exon count), chi-square/Fisher (cross-annotation), Welch t-test (sequence identity). All with effect sizes."
"P01-20 · Figure generation from scripts",,"p01,figures","P01 · AplyNeuroExpress (M1)",Todo,2026-12-14,2026-12-16,aplysia-neuroexpressome,"P01-16,P01-17,P01-18,P01-19","Every figure has a matching script in src/figures/. No manual figure editing."
"P01-21 · Manuscript draft",,"p01,manuscript,critical-path","P01 · AplyNeuroExpress (M1)",Todo,2026-12-14,2026-12-18,aplysia-neuroexpressome,"P01-18,P01-19,P01-20","Target Genome Research or G3. If both primary criteria fail the negative result is published — that outcome is in scope."
"P01-22 · Zenodo release and repository archive",,"p01,release","P01 · AplyNeuroExpress (M1)",Todo,2026-12-18,2026-12-18,aplysia-neuroexpressome,P01-21,"Concept DOI, container digest, catalogue released CC0. reproduce.sh regenerates all figures from a clean clone."
